{"cameraMode":{"drawMode":0,"name":"Shaded","section":"Shading Mode"},"sceneLighting":true,"audioPlay":false,"sceneViewState":{"showFog":true,"showMaterialUpdate":false,"showSkybox":true,"showFlares":true,"showImageEffects":true,"showParticleSystems":true},"in2DMode":false,"pivot":{"x":-18.626440048217775,"y":16.233211517333986,"z":14.941439628601075},"rotation":{"x":-0.5878227949142456,"y":0.016746390610933305,"z":-0.012163395062088967,"w":-0.8087472915649414},"size":20.75972557067871,"orthographic":false}