{"cameraMode":{"drawMode":0,"name":"Shaded","section":"Shading Mode"},"sceneLighting":true,"audioPlay":false,"sceneViewState":{"showFog":true,"showMaterialUpdate":false,"showSkybox":true,"showFlares":true,"showImageEffects":true,"showParticleSystems":true},"in2DMode":false,"pivot":{"x":-3.1583194732666017,"y":4.594128131866455,"z":-3.473325729370117},"rotation":{"x":-0.07253299653530121,"y":0.7734705209732056,"z":-0.08994264900684357,"w":-0.6232744455337524},"size":22.0,"orthographic":false}